"0","#| label: c-starter"
"0",""
"0","nnd    <- nndist(pp)"
"0","lambda <- intensity(pp)"
"0","d_exp <- 1 / (2 * sqrt(lambda))                      # 1 / (2 sqrt(lambda))"
"0",""
"0","R <- mean(nnd) / d_exp"
"0",""
"0","c(observed = mean(nnd), expected = d_exp, R = R)"
"1","   observed "
"1","   expected "
"1","          R "
"1","
"
"1","215.5165165 "
"1","308.5023198 "
"1","  0.6985896 "
"1","
"
"0","clarkevans.test(pp, correction = ""cdf"", alternative = ""clustered"","
"0","                method = ""MonteCarlo"", nsim = 99)"
"1","
"
"1","	Clark-Evans test"
"1","
"
"1","	CDF correction"
"1","
"
"1","	Monte Carlo test based on 99 simulations of CSR with fixed n"
"1","
"
"1","
"
"1","data:  "
"1",""
"1","pp"
"1",""
"1","
"
"1","R = 0.65464, p-value = 0.01"
"1","
"
"1","alternative hypothesis: "
"1","clustered (R < 1)"
"1",""
"1","
"
"1","
"
"0","plot(envelope(pp, Gest, nsim = 39, verbose = FALSE), main = """", legend = FALSE)"
