"0","#| label: b-starter"
"0",""
"0","qc  <- quadratcount(pp, nx = 6, ny = 6)"
"0","cnt <- as.vector(qc)"
"0",""
"0","k <- length(cnt)"
"0",""
"0","mean_cnt <- sum(cnt) / k"
"0","var_cnt  <- sum((cnt - mean_cnt)^2) / (k - 1)"
"0","VMR      <- var_cnt / mean_cnt"
"0",""
"0","c(k = k, mean = mean_cnt, var = var_cnt, VMR = VMR)"
"1","        k "
"1","     mean "
"1","      var "
"1","      VMR "
"1","
"
"1"," 36.00000 "
"1"," 13.88889 "
"1","581.70159 "
"1"," 41.88251 "
"1","
"
"0","grid_n <- c(3, 4, 6, 8, 12)"
"0","vmr <- sapply(grid_n, function(k) {"
"0","  v <- as.vector(quadratcount(pp, nx = k, ny = k))"
"0","  "
"0","  m <- sum(v) / length(v)"
"0","  s2 <- sum((v - m)^2) / (length(v) - 1)"
"0","  "
"0","  s2 / m"
"0",""
"0","})"
"0","vmr"
"1","[1]"
"1"," 32.99900"
"1"," 35.17227"
"1"," 41.88251"
"1"," 32.31300"
"1"," 29.96188"
"1","
"
"0","# Plot VMR against grid resolution"
"0","plot("
"0","  grid_n, vmr,"
"0","  type = ""b"","
"0","  pch = 19,"
"0","  xlab = ""Cells per side"","
"0","  ylab = ""Variance-to-Mean Ratio"","
"0","  main = ""VMR Across Quadrat Resolutions"""
"0",")"
