"0","#| label: f-starter"
"0",""
"0","cases$month <- format(cases$onset_date, ""%Y-%m"")"
"0",""
"0","month_levels <- sort(unique(cases$month))"
"0","h <- 469.9289                                  # one bandwidth, chosen in Part E"
"0",""
"0","by_month <- lapply(month_levels, function(m) {"
"0","  sub <- cases[cases$month == m, ]"
"0",""
"0","  xy_sub <- st_coordinates(sub)"
"0",""
"0","  p <- ppp("
"0","    xy_sub[, 1],"
"0","    xy_sub[, 2],"
"0","    window = Window(pp)"
"0","  )"
"0","  density(p, sigma = h, eps = 50) * 1e6"
"0","})"
"0",""
"0","zmax <- max(sapply(by_month, max))        # common scale across months"
"0",""
"0","par(mfrow = c(2, 3), mar = c(1, 1, 2, 2))"
"0",""
"0","for (i in seq_along(by_month)) {"
"0",""
"0","  plot("
"0","    by_month[[i]], "
"0","    main = month_levels[i],"
"0","    zlim = c(0, zmax),     "
"0","    ribargs = list(las = 1))"
"0",""
"0","  sub <- cases[cases$month == month_levels[i], ]"
"0","  xy_sub <- st_coordinates(sub)"
"0",""
"0","  points("
"0","    xy_sub[, 1],"
"0","    xy_sub[, 2],"
"0","    pch = 16,"
"0","    cex = 0.25"
"0","  )"
"0","}"
