"0",""
"0",""
"0","xy  <- st_coordinates(cases)"
"0",""
"0","cube <- data.frame("
"0","  E = xy[, 1], "
"0","  N = xy[, 2],"
"0","  day = as.numeric(cases$onset_date - min(cases$onset_date)),"
"0","  hood = cases$neighborhood)"
"0",""
"0","# BONUS"
"0","library(sparr)"
"0",""
"0","tt <- as.numeric(cases$onset_date - min(cases$onset_date))"
"0",""
"0","h_bonus <- 469.9289"
"0",""
"0","st_bw <- OS.spattemp(pp, tt = tt)"
"0",""
"0","st_bw"
"1","        h "
"1","   lambda "
"1","
"
"1","1356.3087 "
"1","  15.2601 "
"1","
"
"0","lambda_bonus <- st_bw[""lambda""]"
"0",""
"0","lambda_bonus"
"1"," lambda "
"1","
"
"1","15.2601 "
"1","
"
"0","st_kde <- spattemp.density("
"0","  pp = pp,"
"0","  tt = tt,"
"0","  h = h_bonus,"
"0","  lambda = lambda_bonus,"
"0","  tlim = range(tt),"
"0","  sres = 128,"
"0","  verbose = FALSE"
"0",")"
"0",""
"0","st_kde"
"1","Spatiotemporal Kernel Density Estimate

"
"1","Bandwidths
  h ="
"1"," "
"1","469.9289"
"1"," "
"1","(spatial)
  lambda ="
"1"," "
"1","15.2601"
"1"," "
"1","(temporal)

"
"1","No. of observations
 "
"1"," "
"1","500"
"1"," "
"1","
"
"0","slice_dates <- as.Date(c("
"0","  ""2024-01-15"","
"0","  ""2024-02-15"","
"0","  ""2024-03-15"","
"0","  ""2024-04-15"","
"0","  ""2024-05-15"","
"0","  ""2024-06-15"""
"0","))"
"0",""
"0","slice_days <- as.numeric("
"0","  slice_dates - min(cases$onset_date)"
"0",")"
"0",""
"0","st_slices <- spattemp.slice("
"0","  st_kde,"
"0","  tt = slice_days"
"0",")"
"0",""
"0","st_slices"
"1","$z
"
"1","$z$`14`
"
"1","real-valued"
"1"," "
"1","pixel"
"1"," "
"1","image"
"1","
"
"1","128"
"1"," "
"1","x"
"1"," "
"1","128"
"1"," "
"1","pixel"
"1"," "
"1","array"
"1"," "
"1","(ny,"
"1"," "
"1","nx)"
"1","
"
"1","enclosing"
"1"," "
"1","rectangle:"
"1"," "
"1","[323370,"
"1"," "
"1","338360]"
"1"," "
"1","x"
"1"," "
"1","[372070,"
"1"," "
"1","388100]"
"1"," "
"1","units"
"1","
"
"1","
"
"1","$z$`45`
"
"1","real-valued"
"1"," "
"1","pixel"
"1"," "
"1","image"
"1","
"
"1","128"
"1"," "
"1","x"
"1"," "
"1","128"
"1"," "
"1","pixel"
"1"," "
"1","array"
"1"," "
"1","(ny,"
"1"," "
"1","nx)"
"1","
"
"1","enclosing"
"1"," "
"1","rectangle:"
"1"," "
"1","[323370,"
"1"," "
"1","338360]"
"1"," "
"1","x"
"1"," "
"1","[372070,"
"1"," "
"1","388100]"
"1"," "
"1","units"
"1","
"
"1","
"
"1","$z$`74`
"
"1","real-valued"
"1"," "
"1","pixel"
"1"," "
"1","image"
"1","
"
"1","128"
"1"," "
"1","x"
"1"," "
"1","128"
"1"," "
"1","pixel"
"1"," "
"1","array"
"1"," "
"1","(ny,"
"1"," "
"1","nx)"
"1","
"
"1","enclosing"
"1"," "
"1","rectangle:"
"1"," "
"1","[323370,"
"1"," "
"1","338360]"
"1"," "
"1","x"
"1"," "
"1","[372070,"
"1"," "
"1","388100]"
"1"," "
"1","units"
"1","
"
"1","
"
"1","$z$`105`
"
"1","real-valued"
"1"," "
"1","pixel"
"1"," "
"1","image"
"1","
"
"1","128"
"1"," "
"1","x"
"1"," "
"1","128"
"1"," "
"1","pixel"
"1"," "
"1","array"
"1"," "
"1","(ny,"
"1"," "
"1","nx)"
"1","
"
"1","enclosing"
"1"," "
"1","rectangle:"
"1"," "
"1","[323370,"
"1"," "
"1","338360]"
"1"," "
"1","x"
"1"," "
"1","[372070,"
"1"," "
"1","388100]"
"1"," "
"1","units"
"1","
"
"1","
"
"1","$z$`135`
"
"1","real-valued"
"1"," "
"1","pixel"
"1"," "
"1","image"
"1","
"
"1","128"
"1"," "
"1","x"
"1"," "
"1","128"
"1"," "
"1","pixel"
"1"," "
"1","array"
"1"," "
"1","(ny,"
"1"," "
"1","nx)"
"1","
"
"1","enclosing"
"1"," "
"1","rectangle:"
"1"," "
"1","[323370,"
"1"," "
"1","338360]"
"1"," "
"1","x"
"1"," "
"1","[372070,"
"1"," "
"1","388100]"
"1"," "
"1","units"
"1","
"
"1","
"
"1","$z$`166`
"
"1","real-valued"
"1"," "
"1","pixel"
"1"," "
"1","image"
"1","
"
"1","128"
"1"," "
"1","x"
"1"," "
"1","128"
"1"," "
"1","pixel"
"1"," "
"1","array"
"1"," "
"1","(ny,"
"1"," "
"1","nx)"
"1","
"
"1","enclosing"
"1"," "
"1","rectangle:"
"1"," "
"1","[323370,"
"1"," "
"1","338360]"
"1"," "
"1","x"
"1"," "
"1","[372070,"
"1"," "
"1","388100]"
"1"," "
"1","units"
"1","
"
"1","
"
"1","
"
"1","$z.cond
"
"1","$z.cond$`14`
"
"1","real-valued"
"1"," "
"1","pixel"
"1"," "
"1","image"
"1","
"
"1","128"
"1"," "
"1","x"
"1"," "
"1","128"
"1"," "
"1","pixel"
"1"," "
"1","array"
"1"," "
"1","(ny,"
"1"," "
"1","nx)"
"1","
"
"1","enclosing"
"1"," "
"1","rectangle:"
"1"," "
"1","[323370,"
"1"," "
"1","338360]"
"1"," "
"1","x"
"1"," "
"1","[372070,"
"1"," "
"1","388100]"
"1"," "
"1","units"
"1","
"
"1","
"
"1","$z.cond$`45`
"
"1","real-valued"
"1"," "
"1","pixel"
"1"," "
"1","image"
"1","
"
"1","128"
"1"," "
"1","x"
"1"," "
"1","128"
"1"," "
"1","pixel"
"1"," "
"1","array"
"1"," "
"1","(ny,"
"1"," "
"1","nx)"
"1","
"
"1","enclosing"
"1"," "
"1","rectangle:"
"1"," "
"1","[323370,"
"1"," "
"1","338360]"
"1"," "
"1","x"
"1"," "
"1","[372070,"
"1"," "
"1","388100]"
"1"," "
"1","units"
"1","
"
"1","
"
"1","$z.cond$`74`
"
"1","real-valued"
"1"," "
"1","pixel"
"1"," "
"1","image"
"1","
"
"1","128"
"1"," "
"1","x"
"1"," "
"1","128"
"1"," "
"1","pixel"
"1"," "
"1","array"
"1"," "
"1","(ny,"
"1"," "
"1","nx)"
"1","
"
"1","enclosing"
"1"," "
"1","rectangle:"
"1"," "
"1","[323370,"
"1"," "
"1","338360]"
"1"," "
"1","x"
"1"," "
"1","[372070,"
"1"," "
"1","388100]"
"1"," "
"1","units"
"1","
"
"1","
"
"1","$z.cond$`105`
"
"1","real-valued"
"1"," "
"1","pixel"
"1"," "
"1","image"
"1","
"
"1","128"
"1"," "
"1","x"
"1"," "
"1","128"
"1"," "
"1","pixel"
"1"," "
"1","array"
"1"," "
"1","(ny,"
"1"," "
"1","nx)"
"1","
"
"1","enclosing"
"1"," "
"1","rectangle:"
"1"," "
"1","[323370,"
"1"," "
"1","338360]"
"1"," "
"1","x"
"1"," "
"1","[372070,"
"1"," "
"1","388100]"
"1"," "
"1","units"
"1","
"
"1","
"
"1","$z.cond$`135`
"
"1","real-valued"
"1"," "
"1","pixel"
"1"," "
"1","image"
"1","
"
"1","128"
"1"," "
"1","x"
"1"," "
"1","128"
"1"," "
"1","pixel"
"1"," "
"1","array"
"1"," "
"1","(ny,"
"1"," "
"1","nx)"
"1","
"
"1","enclosing"
"1"," "
"1","rectangle:"
"1"," "
"1","[323370,"
"1"," "
"1","338360]"
"1"," "
"1","x"
"1"," "
"1","[372070,"
"1"," "
"1","388100]"
"1"," "
"1","units"
"1","
"
"1","
"
"1","$z.cond$`166`
"
"1","real-valued"
"1"," "
"1","pixel"
"1"," "
"1","image"
"1","
"
"1","128"
"1"," "
"1","x"
"1"," "
"1","128"
"1"," "
"1","pixel"
"1"," "
"1","array"
"1"," "
"1","(ny,"
"1"," "
"1","nx)"
"1","
"
"1","enclosing"
"1"," "
"1","rectangle:"
"1"," "
"1","[323370,"
"1"," "
"1","338360]"
"1"," "
"1","x"
"1"," "
"1","[372070,"
"1"," "
"1","388100]"
"1"," "
"1","units"
"1","
"
"1","
"
"1","
"
"0","zmax_bonus <- max("
"0","  sapply(st_slices$z.cond, function(z) max(z$v, na.rm = TRUE))"
"0",")"
"0",""
"0","par(mfrow = c(2, 3), mar = c(1, 1, 2, 2))"
