"0","#| label: a-starter"
"0",""
"0","cases_raw <- read.csv(""dengue_cases_sim.csv"", stringsAsFactors = FALSE)"
"0","area      <- st_read(""study_area.geojson"", quiet = TRUE) |> st_transform(32618)"
"0",""
"0","cases <- cases_raw |>"
"0","  mutate(onset_date  = as.Date(onset_date),"
"0","         report_date = as.Date(report_date)) |>"
"0","  st_as_sf(coords = c(""lon"", ""lat""), crs = 4326) |>"
"0","  st_transform(32618)"
"0",""
"0","win <- as.owin(st_geometry(area))       # the observation window"
"0","pp  <- as.ppp(st_geometry(cases))       # coordinates only, with a bounding box"
"0",""
"0","x <- pp$x # Save coordinates"
"0","y <- pp$y"
"0",""
"0","Window(pp) <- owin(range(x), range(y)) # Replace polygon with rectangular bounding box"
"0",""
"0","pp"
"1","Planar"
"1"," "
"1","point"
"1"," "
"1","pattern:"
"1"," "
"1","500"
"1"," "
"1","points"
"1","
"
"1","window:"
"1"," "
"1","rectangle"
"1"," "
"1","="
"1"," "
"1","[323600.6,"
"1"," "
"1","337932.2]"
"1"," "
"1","x"
"1"," "
"1","[372968.1,"
"1"," "
"1","387826.7]"
"1"," "
"1","units"
"1","
"
"0","intensity(pp) * 1e6"
"1","[1]"
"1"," 2.348006"
"1","
"
"0","Window(pp) <- win                       # attach the real window"
"0",""
"0","pp                                      # print it: n, window type, extent"
"1","Planar"
"1"," "
"1","point"
"1"," "
"1","pattern:"
"1"," "
"1","500"
"1"," "
"1","points"
"1","
"
"1","window:"
"1"," "
"1","polygonal"
"1"," "
"1","boundary"
"1","
"
"1","enclosing"
"1"," "
"1","rectangle:"
"1"," "
"1","[323369.6,"
"1"," "
"1","338361.5]"
"1"," "
"1","x"
"1"," "
"1","[372065.1,"
"1"," "
"1","388098.9]"
"1"," "
"1","units"
"1","
"
"0","npoints(pp)"
"1","[1]"
"1"," 500"
"1","
"
"0","intensity(pp) * 1e6                     # cases per km^2"
"1","[1]"
"1"," 2.626777"
"1","
"
"0","#| label: part-a-map"
"0",""
"0","ggplot() +"
"0","  geom_sf("
"0","    data = area,"
"0","    fill = ""white"","
"0","    color = ""black"","
"0","    linewidth = 0.6"
"0","  ) +"
"0","  geom_sf("
"0","    data = cases,"
"0","    size = 1,"
"0","    alpha = 0.6"
"0","  ) +"
"0","  labs("
"0","    title = ""Simulated Dengue Cases"","
"0","    x = ""Easting (m)"","
"0","    y = ""Northing (m)"""
"0","  ) +"
"0","  theme_minimal()"
