"0","#| label: g-starter"
"0",""
"0","xy    <- st_coordinates(cases)"
"0","pts   <- as.points(xy[, 1], xy[, 2])"
"0","times <- as.numeric(cases$onset_date - min(cases$onset_date))"
"0","bdry  <- st_coordinates(area)[, 1:2]         # drop the closing vertex if duplicated"
"0",""
"0","if (all(bdry[1, ] == bdry[nrow(bdry), ])) {"
"0","  bdry <- bdry[-nrow(bdry), ]"
"0","}"
"0",""
"0","s  <- c("
"0","  seq(50, 1000, by = 50), "
"0","  seq(1200, 3000, by = 200)"
"0","  )   # finer near the origin"
"0",""
"0","tm <- seq(3, 70, by = 3)                     # days"
"0",""
"0","stk <- stkhat("
"0","  pts, "
"0","  times, "
"0","  bdry, "
"0","  c(0, max(times)), "
"0","  s, "
"0","  tm"
"0","  )"
"0",""
"0","D  <- stk$kst - outer(stk$ks, stk$kt)                  # raw excess"
"0","D0 <- stk$kst / outer(stk$ks, stk$kt) - 1              # standardised excess"
"0",""
"0","par(mfrow = c(1, 2))"
"0",""
"0","persp("
"0","  s, tm, D,  "
"0","  theta = 30, "
"0","  phi = 25,"
"0","  xlab = ""distance (m)"", "
"0","  ylab = ""lag (days)"", "
"0","  zlab = ""D"""
"0",")"
